"county","precinct","year","State House DEM","State Senate DEM","US House DEM"
"Salt Lake","BLF001",2016,151,,206
"Salt Lake","BLF001",2018,154,184,239
"Salt Lake","BLF003",2016,189,,242
"Salt Lake","BLF003",2018,269,304,369
"Salt Lake","BLF004",2016,118,,163
"Salt Lake","BLF004",2018,140,160,225
"Salt Lake","BLF005",2016,3,,4
"Salt Lake","BLF005",2018,4,3,5
"Salt Lake","BLF006",2016,92,,126
"Salt Lake","BLF006",2018,399,437,551
"Salt Lake","BLF007",2016,294,,366
"Salt Lake","BLF007",2018,180,191,233
"Salt Lake","CBL001",2016,109,,117
"Salt Lake","CBL001",2018,112,113,137
"Salt Lake","CBL002",2016,91,,85
"Salt Lake","CBL002",2018,88,84,96
"Salt Lake","CNR001",2016,303,,320
"Salt Lake","CNR002",2016,415,,419
"Salt Lake","CNR004",2016,483,,350
"Salt Lake","CNR005",2016,520,,417
"Salt Lake","CNR007",2016,513,,398
"Salt Lake","CNR008",2016,466,,363
"Salt Lake","CNR009",2016,363,,255
"Salt Lake","CNR010",2016,653,,515
"Salt Lake","CNR011",2016,516,,342
"Salt Lake","COP001",2016,163,,183
"Salt Lake","COP001",2018,182,188,197
"Salt Lake","DRP002",2016,366,,397
"Salt Lake","DRP002",2018,,407,508
"Salt Lake","DRP005",2016,0,,0
"Salt Lake","DRP007",2016,166,,170
"Salt Lake","DRP007",2018,,248,290
"Salt Lake","EMC001",2016,547,,453
"Salt Lake","EMC003",2016,474,,389
"Salt Lake","EMC004",2016,609,,414
"Salt Lake","EMC005",2016,469,,307
"Salt Lake","EMC006",2016,557,,453
"Salt Lake","EMC007",2016,503,,403
"Salt Lake","EMC008",2016,718,,542
"Salt Lake","EMC010",2016,501,,330
"Salt Lake","EMC011",2016,391,,303
"Salt Lake","FUR001",2016,1,1,1
"Salt Lake","FUR001",2018,0,,0
"Salt Lake","HER001",2016,205,225,258
"Salt Lake","HER001",2018,472,,543
"Salt Lake","HER002",2016,239,251,340
"Salt Lake","HER002",2018,281,,376
"Salt Lake","HER003",2016,,39,39
"Salt Lake","HER003",2018,,,46
"Salt Lake","HER004",2016,149,141,198
"Salt Lake","HER004",2018,192,,233
"Salt Lake","HER005",2016,173,,233
"Salt Lake","HER005",2018,279,,341
"Salt Lake","HER006",2016,104,111,131
"Salt Lake","HER006",2018,127,,126
"Salt Lake","HER007",2016,94,97,117
"Salt Lake","HER007",2018,98,,113
"Salt Lake","HER008",2016,110,125,146
"Salt Lake","HER008",2018,147,,186
"Salt Lake","HER009",2016,118,107,126
"Salt Lake","HER009",2018,133,,154
"Salt Lake","HER010",2016,139,154,178
"Salt Lake","HER010",2018,184,,227
"Salt Lake","HER011",2016,62,,76
"Salt Lake","HER011",2018,82,83,106
"Salt Lake","HER012",2016,169,,206
"Salt Lake","HER012",2018,323,,362
"Salt Lake","HER013",2016,237,,277
"Salt Lake","HER013",2018,210,,253
"Salt Lake","HER014",2016,187,,252
"Salt Lake","HER014",2018,249,,298
"Salt Lake","HER015",2016,99,,144
"Salt Lake","HER015",2018,392,,438
"Salt Lake","HER016",2016,13,8,14
"Salt Lake","HER016",2018,14,,13
"Salt Lake","HER017",2016,84,98,136
"Salt Lake","HER017",2018,203,,248
"Salt Lake","HER018",2016,19,,19
"Salt Lake","HER018",2018,22,,25
"Salt Lake","HER019",2016,243,247,291
"Salt Lake","HER019",2018,484,,527
"Salt Lake","HER020",2016,44,,52
"Salt Lake","HER020",2018,76,,72
"Salt Lake","HER022",2016,24,19,33
"Salt Lake","HER022",2018,34,,45
"Salt Lake","HER024",2016,53,,82
"Salt Lake","HER024",2018,63,68,87
"Salt Lake","HER025",2016,1,2,4
"Salt Lake","HER025",2018,11,,10
"Salt Lake","HOL032",2016,451,,342
"Salt Lake","HOL032",2018,405,409,405
"Salt Lake","HOL033",2016,392,,287
"Salt Lake","HOL033",2018,327,301,312
"Salt Lake","HOL034",2016,444,,334
"Salt Lake","HOL034",2018,373,382,366
"Salt Lake","HOL035",2016,416,,348
"Salt Lake","HOL035",2018,378,366,370
"Salt Lake","KRN001",2016,235,,249
"Salt Lake","KRN001",2018,254,345,326
"Salt Lake","KRN002",2016,54,,68
"Salt Lake","KRN002",2018,50,79,72
"Salt Lake","KRN003",2016,183,,200
"Salt Lake","KRN003",2018,191,224,228
"Salt Lake","KRN004",2016,291,,329
"Salt Lake","KRN004",2018,294,445,381
"Salt Lake","KRN005",2016,305,,368
"Salt Lake","KRN005",2018,289,378,378
"Salt Lake","KRN006",2016,319,,391
"Salt Lake","KRN006",2018,330,449,433
"Salt Lake","KRN008",2016,140,,142
"Salt Lake","KRN008",2018,140,184,184
"Salt Lake","KRN009",2016,47,,49
"Salt Lake","KRN009",2018,49,61,68
"Salt Lake","KRN013",2016,281,,353
"Salt Lake","KRN013",2018,274,393,388
"Salt Lake","KRN015",2016,240,,298
"Salt Lake","KRN015",2018,258,363,352
"Salt Lake","KRN016",2016,265,,282
"Salt Lake","KRN016",2018,259,350,348
"Salt Lake","KRN017",2016,309,,312
"Salt Lake","KRN017",2018,326,439,421
"Salt Lake","KRN018",2016,218,,239
"Salt Lake","KRN018",2018,233,346,299
"Salt Lake","KRN019",2016,294,,337
"Salt Lake","KRN019",2018,294,418,361
"Salt Lake","KRN020",2016,133,,137
"Salt Lake","KRN020",2018,114,149,140
"Salt Lake","KRN021",2016,105,,115
"Salt Lake","KRN021",2018,113,151,142
"Salt Lake","MID001",2016,621,571,639
"Salt Lake","MID001",2018,538,509,589
"Salt Lake","MID002",2016,320,282,318
"Salt Lake","MID002",2018,368,350,399
"Salt Lake","MID003",2016,176,157,179
"Salt Lake","MID003",2018,472,451,516
"Salt Lake","MID004",2016,11,7,15
"Salt Lake","MID005",2016,278,230,285
"Salt Lake","MID005",2018,305,291,357
"Salt Lake","MID006",2016,322,273,320
"Salt Lake","MID006",2018,321,314,380
"Salt Lake","MID011",2016,374,302,403
"Salt Lake","MID011",2018,431,410,492
"Salt Lake","MID013",2016,185,169,204
"Salt Lake","MID013",2018,213,207,239
"Salt Lake","MID017",2016,237,214,226
"Salt Lake","MID017",2018,313,277,333
"Salt Lake","MID019",2016,238,199,252
"Salt Lake","MID019",2018,267,241,279
"Salt Lake","MID022",2016,399,357,434
"Salt Lake","MID022",2018,438,395,516
"Salt Lake","MID024",2016,367,330,371
"Salt Lake","MID024",2018,431,416,450
"Salt Lake","MID025",2016,148,139,141
"Salt Lake","MID025",2018,184,176,201
"Salt Lake","MID026",2016,48,49,57
"Salt Lake","MID027",2016,157,135,167
"Salt Lake","MID027",2018,178,165,199
"Salt Lake","MID028",2016,223,196,246
"Salt Lake","MID028",2018,288,276,304
"Salt Lake","MID030",2016,142,117,156
"Salt Lake","MID030",2018,183,149,174
"Salt Lake","MID032",2016,0,0,0
"Salt Lake","MID032",2018,0,0,0
"Salt Lake","MIL001",2016,492,,507
"Salt Lake","MIL001",2018,515,533,574
"Salt Lake","MIL002",2018,518,537,584
"Salt Lake","MIL003",2018,434,428,470
"Salt Lake","MIL004",2016,521,,498
"Salt Lake","MIL004",2018,549,571,603
"Salt Lake","MIL005",2018,290,302,305
"Salt Lake","MIL006",2018,382,380,408
"Salt Lake","MIL007",2016,257,,247
"Salt Lake","MIL007",2018,116,116,127
"Salt Lake","MIL008",2016,435,,433
"Salt Lake","MIL008",2018,124,133,150
"Salt Lake","MIL009",2018,368,403,450
"Salt Lake","MIL010",2016,488,,488
"Salt Lake","MIL010",2018,222,250,272
"Salt Lake","MIL011",2016,390,,376
"Salt Lake","MIL011",2018,540,586,618
"Salt Lake","MIL012",2016,59,,64
"Salt Lake","MIL012",2018,443,445,472
"Salt Lake","MIL013",2016,339,,355
"Salt Lake","MIL013",2018,392,401,425
"Salt Lake","MIL014",2016,110,,110
"Salt Lake","MIL014",2018,261,270,278
"Salt Lake","MIL015",2016,211,,236
"Salt Lake","MIL015",2018,534,538,579
"Salt Lake","MIL016",2016,488,,517
"Salt Lake","MIL016",2018,422,445,469
"Salt Lake","MIL017",2018,214,216,246
"Salt Lake","MIL018",2016,372,,394
"Salt Lake","MIL018",2018,637,654,703
"Salt Lake","MIL019",2016,370,,359
"Salt Lake","MIL019",2018,406,433,442
"Salt Lake","MIL020",2016,283,,259
"Salt Lake","MIL020",2018,433,446,456
"Salt Lake","MIL021",2018,323,354,368
"Salt Lake","MIL022",2016,530,,521
"Salt Lake","MIL022",2018,457,466,466
"Salt Lake","MIL023",2018,410,434,417
"Salt Lake","MIL024",2016,428,,405
"Salt Lake","MIL024",2018,456,453,469
"Salt Lake","MIL025",2016,202,,201
"Salt Lake","MIL025",2018,464,477,479
"Salt Lake","MIL026",2016,637,,619
"Salt Lake","MIL026",2018,431,435,471
"Salt Lake","MIL027",2018,452,478,490
"Salt Lake","MIL028",2018,332,356,334
"Salt Lake","MIL029",2016,365,,365
"Salt Lake","MIL029",2018,397,427,425
"Salt Lake","MIL030",2018,264,289,299
"Salt Lake","MIL031",2018,388,388,406
"Salt Lake","MIL032",2018,566,578,581
"Salt Lake","MIL033",2018,426,428,447
"Salt Lake","MIL034",2018,323,342,350
"Salt Lake","MIL035",2018,569,559,565
"Salt Lake","MIL036",2018,362,378,361
"Salt Lake","MIL037",2018,307,311,332
"Salt Lake","MIL038",2018,504,516,505
"Salt Lake","MIL039",2018,471,472,473
"Salt Lake","MIL040",2018,423,424,419
"Salt Lake","MIL041",2018,287,277,283
"Salt Lake","MIL042",2018,367,363,357
"Salt Lake","MIL043",2018,547,551,548
"Salt Lake","MIL045",2018,381,381,376
"Salt Lake","MOL001",2016,488,,452
"Salt Lake","MOL002",2016,558,,438
"Salt Lake","MOL003",2016,470,,387
"Salt Lake","MOL004",2016,318,,257
"Salt Lake","MOL005",2016,401,,336
"Salt Lake","MOL006",2016,625,,561
"Salt Lake","MOL008",2016,397,,358
"Salt Lake","MUR001",2016,12,,9
"Salt Lake","MUR001",2018,7,6,7
"Salt Lake","MUR002",2016,397,,422
"Salt Lake","MUR002",2018,436,488,523
"Salt Lake","MUR003",2016,110,,114
"Salt Lake","MUR003",2018,100,112,121
"Salt Lake","MUR004",2016,282,178,275
"Salt Lake","MUR004",2018,260,256,289
"Salt Lake","MUR005",2016,294,278,307
"Salt Lake","MUR005",2018,297,321,370
"Salt Lake","MUR006",2016,1,,1
"Salt Lake","MUR006",2018,0,0,1
"Salt Lake","MUR007",2016,232,,252
"Salt Lake","MUR007",2018,216,241,271
"Salt Lake","MUR008",2016,405,,434
"Salt Lake","MUR008",2018,430,477,527
"Salt Lake","MUR009",2016,180,139,162
"Salt Lake","MUR009",2018,188,165,204
"Salt Lake","MUR010",2016,21,,23
"Salt Lake","MUR010",2018,24,20,29
"Salt Lake","MUR011",2016,352,254,330
"Salt Lake","MUR011",2018,353,322,380
"Salt Lake","MUR012",2016,354,292,355
"Salt Lake","MUR012",2018,404,379,432
"Salt Lake","MUR013",2016,68,51,62
"Salt Lake","MUR013",2018,73,70,78
"Salt Lake","MUR014",2016,297,,278
"Salt Lake","MUR014",2018,264,264,296
"Salt Lake","MUR015",2016,165,,169
"Salt Lake","MUR015",2018,204,191,206
"Salt Lake","MUR016",2016,127,,173
"Salt Lake","MUR016",2018,150,172,203
"Salt Lake","MUR017",2016,168,,161
"Salt Lake","MUR017",2018,176,173,187
"Salt Lake","MUR018",2016,294,,368
"Salt Lake","MUR018",2018,332,363,384
"Salt Lake","MUR019",2016,172,,168
"Salt Lake","MUR019",2018,186,174,203
"Salt Lake","MUR020",2016,233,,303
"Salt Lake","MUR020",2018,269,308,325
"Salt Lake","MUR021",2016,343,,333
"Salt Lake","MUR021",2018,391,380,415
"Salt Lake","MUR022",2016,34,29,34
"Salt Lake","MUR022",2018,37,31,40
"Salt Lake","MUR023",2016,306,257,329
"Salt Lake","MUR023",2018,346,323,401
"Salt Lake","MUR024",2016,271,199,268
"Salt Lake","MUR024",2018,284,244,298
"Salt Lake","MUR025",2016,362,275,354
"Salt Lake","MUR025",2018,372,330,383
"Salt Lake","MUR027",2016,536,,511
"Salt Lake","MUR027",2018,611,592,612
"Salt Lake","MUR028",2016,137,108,145
"Salt Lake","MUR029",2016,438,252,386
"Salt Lake","MUR029",2018,434,365,443
"Salt Lake","MUR030",2016,158,140,146
"Salt Lake","MUR030",2018,360,328,396
"Salt Lake","MUR031",2016,402,329,382
"Salt Lake","MUR031",2018,377,348,401
"Salt Lake","MUR032",2016,255,209,248
"Salt Lake","MUR032",2018,266,239,276
"Salt Lake","MUR033",2016,215,161,212
"Salt Lake","MUR033",2018,223,198,231
"Salt Lake","MUR034",2016,290,181,256
"Salt Lake","MUR034",2018,258,230,275
"Salt Lake","MUR035",2016,237,201,234
"Salt Lake","MUR035",2018,234,227,274
"Salt Lake","MUR036",2016,442,208,315
"Salt Lake","MUR036",2018,341,278,370
"Salt Lake","MUR037",2016,232,209,255
"Salt Lake","MUR037",2018,278,254,306
"Salt Lake","MUR038",2016,159,,173
"Salt Lake","MUR038",2018,152,174,179
"Salt Lake","MUR039",2016,392,243,339
"Salt Lake","MUR039",2018,381,356,423
"Salt Lake","MUR040",2016,79,,94
"Salt Lake","MUR040",2018,92,98,113
"Salt Lake","MUR041",2016,265,149,212
"Salt Lake","MUR041",2018,245,212,261
"Salt Lake","MUR042",2016,422,208,317
"Salt Lake","MUR042",2018,370,292,375
"Salt Lake","MUR043",2016,465,258,384
"Salt Lake","MUR043",2018,394,344,421
"Salt Lake","MUR044",2016,26,17,29
"Salt Lake","MUR044",2018,31,30,36
"Salt Lake","MUR045",2016,4,5,5
"Salt Lake","MUR045",2018,5,4,5
"Salt Lake","MUR046",2016,259,200,262
"Salt Lake","MUR046",2018,291,258,284
"Salt Lake","MUR047",2016,164,128,161
"Salt Lake","MUR047",2018,155,129,165
"Salt Lake","MUR048",2016,23,19,23
"Salt Lake","MUR048",2018,50,46,53
"Salt Lake","MUR049",2016,210,209,266
"Salt Lake","MUR049",2018,242,248,311
"Salt Lake","MUR050",2016,195,177,214
"Salt Lake","MUR050",2018,213,204,252
"Salt Lake","MUR051",2016,15,15,16
"Salt Lake","MUR051",2018,16,,20
"Salt Lake","MUR052",2016,32,25,34
"Salt Lake","MUR052",2018,24,24,26
"Salt Lake","MUR053",2016,3,4,4
"Salt Lake","MUR053",2018,3,6,5
"Salt Lake","NJC001",2016,12,6,10
"Salt Lake","NJC001",2018,15,,14
"Salt Lake","RIV001",2016,191,,274
"Salt Lake","RIV001",2018,227,221,308
"Salt Lake","RIV002",2016,98,,137
"Salt Lake","RIV002",2018,205,230,252
"Salt Lake","RIV003",2016,152,,197
"Salt Lake","RIV003",2018,174,198,279
"Salt Lake","RIV004",2016,165,,232
"Salt Lake","RIV004",2018,160,191,253
"Salt Lake","RIV005",2016,114,,158
"Salt Lake","RIV005",2018,133,141,171
"Salt Lake","RIV006",2016,9,,10
"Salt Lake","RIV006",2018,12,13,14
"Salt Lake","RIV007",2016,98,,127
"Salt Lake","RIV007",2018,106,121,146
"Salt Lake","RIV008",2016,175,,211
"Salt Lake","RIV008",2018,168,196,265
"Salt Lake","RIV009",2016,158,,190
"Salt Lake","RIV009",2018,148,159,193
"Salt Lake","RIV010",2016,180,,231
"Salt Lake","RIV010",2018,211,211,272
"Salt Lake","RIV011",2016,61,,78
"Salt Lake","RIV011",2018,49,61,82
"Salt Lake","RIV012",2016,146,,191
"Salt Lake","RIV012",2018,177,205,251
"Salt Lake","RIV013",2016,93,,100
"Salt Lake","RIV013",2018,109,103,139
"Salt Lake","RIV015",2016,206,,233
"Salt Lake","RIV015",2018,187,227,305
"Salt Lake","RIV016",2016,143,,197
"Salt Lake","RIV016",2018,158,188,236
"Salt Lake","RIV017",2016,185,,210
"Salt Lake","RIV017",2018,192,213,275
"Salt Lake","RIV018",2016,63,70,71
"Salt Lake","RIV018",2018,78,,112
"Salt Lake","RIV019",2016,150,,197
"Salt Lake","RIV019",2018,193,202,256
"Salt Lake","RIV020",2016,133,,167
"Salt Lake","RIV020",2018,144,155,204
"Salt Lake","RIV021",2016,143,,167
"Salt Lake","RIV021",2018,168,158,204
"Salt Lake","RIV022",2016,202,,255
"Salt Lake","RIV022",2018,227,234,284
"Salt Lake","RIV023",2016,98,,133
"Salt Lake","RIV023",2018,125,118,162
"Salt Lake","RIV024",2016,43,,68
"Salt Lake","RIV024",2018,70,88,103
"Salt Lake","RIV025",2016,252,,320
"Salt Lake","RIV025",2018,269,280,378
"Salt Lake","RIV026",2016,178,,251
"Salt Lake","RIV026",2018,207,209,298
"Salt Lake","RIV027",2016,100,,124
"Salt Lake","RIV027",2018,114,127,171
"Salt Lake","RIV028",2016,54,,77
"Salt Lake","RIV028",2018,53,62,82
"Salt Lake","RIV029",2016,97,,131
"Salt Lake","RIV029",2018,98,111,147
"Salt Lake","RIV030",2016,51,,60
"Salt Lake","RIV030",2018,55,59,82
"Salt Lake","RIV031",2016,132,,120
"Salt Lake","RIV031",2018,106,114,138
"Salt Lake","SAN001",2016,311,269,327
"Salt Lake","SAN001",2018,350,337,381
"Salt Lake","SAN002",2016,68,50,79
"Salt Lake","SAN002",2018,59,56,86
"Salt Lake","SAN003",2016,74,68,82
"Salt Lake","SAN003",2018,180,152,180
"Salt Lake","SAN004",2016,255,232,249
"Salt Lake","SAN004",2018,267,248,290
"Salt Lake","SAN005",2016,332,,349
"Salt Lake","SAN005",2018,,,401
"Salt Lake","SAN006",2016,133,125,132
"Salt Lake","SAN006",2018,145,149,170
"Salt Lake","SAN007",2016,101,,105
"Salt Lake","SAN007",2018,109,,121
"Salt Lake","SAN009",2016,374,,391
"Salt Lake","SAN009",2018,,,490
"Salt Lake","SAN016",2016,136,117,136
"Salt Lake","SAN016",2018,122,125,142
"Salt Lake","SAN039",2016,272,282,301
"Salt Lake","SAN039",2018,,,371
"Salt Lake","SAN040",2016,105,,119
"Salt Lake","SAN040",2018,,,147
"Salt Lake","SAN041",2016,149,,165
"Salt Lake","SAN041",2018,,,253
"Salt Lake","SAN042",2016,242,,258
"Salt Lake","SAN042",2018,,,304
"Salt Lake","SAN043",2016,164,,202
"Salt Lake","SAN043",2018,,,206
"Salt Lake","SAN044",2016,384,,339
"Salt Lake","SAN044",2018,413,,393
"Salt Lake","SAN045",2016,393,,373
"Salt Lake","SAN045",2018,560,,520
"Salt Lake","SAN061",2016,211,,177
"Salt Lake","SAN061",2018,249,,223
"Salt Lake","SAN062",2016,237,,221
"Salt Lake","SAN062",2018,255,,246
"Salt Lake","SAN063",2016,285,,230
"Salt Lake","SAN063",2018,330,,274
"Salt Lake","SAN064",2016,223,,173
"Salt Lake","SAN064",2018,271,,206
"Salt Lake","SIL007",2016,0,0,0
"Salt Lake","SJD001",2016,,248,291
"Salt Lake","SJD001",2018,,,344
"Salt Lake","SJD002",2016,,14,9
"Salt Lake","SJD002",2018,,,12
"Salt Lake","SJD003",2016,,175,229
"Salt Lake","SJD003",2018,,,243
"Salt Lake","SJD004",2016,,167,200
"Salt Lake","SJD004",2018,,,258
"Salt Lake","SJD005",2016,,122,139
"Salt Lake","SJD005",2018,,,183
"Salt Lake","SJD006",2016,334,324,378
"Salt Lake","SJD006",2018,457,,503
"Salt Lake","SJD007",2016,135,110,146
"Salt Lake","SJD007",2018,122,,136
"Salt Lake","SJD008",2016,235,257,335
"Salt Lake","SJD008",2018,330,,358
"Salt Lake","SJD009",2016,31,33,35
"Salt Lake","SJD009",2018,40,,51
"Salt Lake","SJD010",2016,126,149,158
"Salt Lake","SJD010",2018,158,,205
"Salt Lake","SJD011",2018,306,,370
"Salt Lake","SJD012",2016,187,204,239
"Salt Lake","SJD012",2018,204,,282
"Salt Lake","SJD013",2016,149,183,228
"Salt Lake","SJD013",2018,179,,244
"Salt Lake","SJD014",2016,174,183,231
"Salt Lake","SJD014",2018,180,,268
"Salt Lake","SJD015",2016,126,148,179
"Salt Lake","SJD015",2018,149,,210
"Salt Lake","SJD016",2016,108,125,178
"Salt Lake","SJD016",2018,126,,164
"Salt Lake","SJD017",2016,197,227,259
"Salt Lake","SJD017",2018,255,,350
"Salt Lake","SJD018",2016,133,143,170
"Salt Lake","SJD018",2018,159,,206
"Salt Lake","SJD019",2016,77,89,126
"Salt Lake","SJD019",2018,94,,153
"Salt Lake","SJD020",2016,25,21,28
"Salt Lake","SJD020",2018,26,,34
"Salt Lake","SJD021",2016,115,137,167
"Salt Lake","SJD021",2018,138,,196
"Salt Lake","SJD022",2016,311,333,392
"Salt Lake","SJD022",2018,335,,428
"Salt Lake","SJD023",2016,260,256,269
"Salt Lake","SJD023",2018,355,,383
"Salt Lake","SJD024",2016,,117,155
"Salt Lake","SJD024",2018,,,232
"Salt Lake","SJD025",2016,198,192,226
"Salt Lake","SJD025",2018,248,,307
"Salt Lake","SJD026",2016,314,335,393
"Salt Lake","SJD026",2018,334,,449
"Salt Lake","SJD027",2016,,383,440
"Salt Lake","SJD027",2018,,,518
"Salt Lake","SJD028",2016,300,323,354
"Salt Lake","SJD028",2018,237,,286
"Salt Lake","SJD029",2016,195,193,237
"Salt Lake","SJD029",2018,231,,266
"Salt Lake","SJD030",2016,317,361,377
"Salt Lake","SJD030",2018,262,,334
"Salt Lake","SJD031",2016,152,164,201
"Salt Lake","SJD031",2018,219,,302
"Salt Lake","SJD032",2016,314,358,423
"Salt Lake","SJD032",2018,343,,417
"Salt Lake","SJD033",2016,208,247,293
"Salt Lake","SJD033",2018,300,,405
"Salt Lake","SJD034",2016,128,144,168
"Salt Lake","SJD034",2018,129,,191
"Salt Lake","SJD035",2018,,,436
"Salt Lake","SJD036",2016,87,100,120
"Salt Lake","SJD036",2018,139,,212
"Salt Lake","SJD037",2016,92,93,123
"Salt Lake","SJD037",2018,127,,165
"Salt Lake","SJD038",2016,217,233,278
"Salt Lake","SJD038",2018,244,,315
"Salt Lake","SJD039",2016,30,,33
"Salt Lake","SJD039",2018,25,27,32
"Salt Lake","SJD040",2016,143,179,220
"Salt Lake","SJD040",2018,205,,276
"Salt Lake","SJD041",2016,160,202,211
"Salt Lake","SJD041",2018,204,,276
"Salt Lake","SJD042",2016,242,273,264
"Salt Lake","SJD042",2018,271,,333
"Salt Lake","SJD045",2016,132,150,167
"Salt Lake","SJD045",2018,173,,210
"Salt Lake","SJD046",2016,37,47,61
"Salt Lake","SJD046",2018,56,,67
"Salt Lake","SJD047",2016,82,104,102
"Salt Lake","SJD047",2018,159,,224
"Salt Lake","SJD048",2016,41,50,53
"Salt Lake","SJD049",2016,60,75,88
"Salt Lake","SJD049",2018,66,,97
"Salt Lake","SJD050",2016,58,65,93
"Salt Lake","SJD050",2018,74,,100
"Salt Lake","SLC146",2016,205,,209
"Salt Lake","SLC146",2018,237,234,260
"Salt Lake","SLC148",2016,304,,316
"Salt Lake","SLC148",2018,356,377,399
"Salt Lake","SLC149",2016,602,,641
"Salt Lake","SLC149",2018,619,633,653
"Salt Lake","SLC150",2016,12,,14
"Salt Lake","SLC150",2018,12,15,16
"Salt Lake","SLC151",2016,500,,515
"Salt Lake","SLC151",2018,609,626,646
"Salt Lake","SLC152",2016,487,,511
"Salt Lake","SLC152",2018,540,555,569
"Salt Lake","SLC156",2016,405,,425
"Salt Lake","SLC156",2018,472,471,499
"Salt Lake","SLC158",2016,314,,324
"Salt Lake","SLC158",2018,379,394,424
"Salt Lake","SLC159",2016,326,,350
"Salt Lake","SLC159",2018,392,422,440
"Salt Lake","SLC160",2016,515,,528
"Salt Lake","SLC160",2018,557,584,623
"Salt Lake","SLC167",2016,568,,439
"Salt Lake","SLC167",2018,510,496,515
"Salt Lake","SSL001",2016,107,,106
"Salt Lake","SSL001",2018,130,150,146
"Salt Lake","SSL002",2016,255,,215
"Salt Lake","SSL002",2018,271,260,289
"Salt Lake","SSL003",2016,34,,37
"Salt Lake","SSL003",2018,30,33,30
"Salt Lake","SSL004",2016,313,,351
"Salt Lake","SSL004",2018,348,392,412
"Salt Lake","SSL005",2016,288,,315
"Salt Lake","SSL005",2018,355,377,407
"Salt Lake","SSL006",2016,451,,469
"Salt Lake","SSL006",2018,507,527,586
"Salt Lake","SSL007",2016,494,,544
"Salt Lake","SSL007",2018,523,576,629
"Salt Lake","SSL008",2016,274,,288
"Salt Lake","SSL008",2018,297,342,353
"Salt Lake","SSL009",2016,183,,201
"Salt Lake","SSL009",2018,216,245,269
"Salt Lake","SSL010",2016,241,,261
"Salt Lake","SSL010",2018,306,340,353
"Salt Lake","SSL011",2016,309,,325
"Salt Lake","SSL011",2018,345,378,399
"Salt Lake","SSL012",2016,162,,158
"Salt Lake","SSL012",2018,153,164,179
"Salt Lake","SSL014",2016,586,,629
"Salt Lake","SSL014",2018,633,673,741
"Salt Lake","SWT001",2016,132,,143
"Salt Lake","SWT001",2018,147,,172
"Salt Lake","SWT002",2016,5,4,3
"Salt Lake","SWT002",2018,0,,0
"Salt Lake","TAY001",2016,489,,496
"Salt Lake","TAY001",2018,520,561,535
"Salt Lake","TAY002",2016,278,,287
"Salt Lake","TAY002",2018,330,358,330
"Salt Lake","TAY004",2016,362,,341
"Salt Lake","TAY004",2018,392,438,414
"Salt Lake","TAY007",2016,340,,347
"Salt Lake","TAY007",2018,325,423,365
"Salt Lake","TAY008",2016,525,,501
"Salt Lake","TAY008",2018,554,616,578
"Salt Lake","TAY009",2016,20,,15
"Salt Lake","TAY010",2016,212,,190
"Salt Lake","TAY010",2018,199,214,201
"Salt Lake","TAY011",2016,423,,405
"Salt Lake","TAY011",2018,413,424,406
"Salt Lake","TAY012",2016,211,,191
"Salt Lake","TAY012",2018,225,236,239
"Salt Lake","TAY013",2016,129,,127
"Salt Lake","TAY013",2018,145,188,190
"Salt Lake","TAY014",2016,288,260,321
"Salt Lake","TAY014",2018,298,,399
"Salt Lake","TAY015",2016,267,246,321
"Salt Lake","TAY015",2018,257,,360
"Salt Lake","TAY016",2016,287,279,360
"Salt Lake","TAY016",2018,301,,413
"Salt Lake","TAY017",2016,195,180,231
"Salt Lake","TAY017",2018,166,,247
"Salt Lake","TAY020",2016,340,277,322
"Salt Lake","TAY020",2018,309,,406
"Salt Lake","TAY021",2016,320,245,318
"Salt Lake","TAY021",2018,333,,351
"Salt Lake","TAY022",2016,119,98,115
"Salt Lake","TAY022",2018,150,,159
"Salt Lake","TAY023",2016,297,244,289
"Salt Lake","TAY023",2018,323,,334
"Salt Lake","TAY024",2016,301,242,276
"Salt Lake","TAY024",2018,301,,312
"Salt Lake","TAY025",2016,264,,235
"Salt Lake","TAY025",2018,253,282,241
"Salt Lake","TAY026",2016,181,182,216
"Salt Lake","TAY026",2018,182,,244
"Salt Lake","TAY027",2016,196,188,252
"Salt Lake","TAY027",2018,224,,289
"Salt Lake","TAY028",2016,229,202,257
"Salt Lake","TAY028",2018,248,,306
"Salt Lake","TAY029",2016,15,15,16
"Salt Lake","TAY029",2018,14,,18
"Salt Lake","TAY030",2016,223,211,274
"Salt Lake","TAY030",2018,239,,308
"Salt Lake","TAY031",2016,243,221,256
"Salt Lake","TAY031",2018,210,,270
"Salt Lake","TAY032",2016,226,195,260
"Salt Lake","TAY032",2018,200,,266
"Salt Lake","TAY033",2016,182,,211
"Salt Lake","TAY033",2018,196,219,254
"Salt Lake","TAY034",2016,257,234,280
"Salt Lake","TAY034",2018,249,,311
"Salt Lake","TAY035",2016,279,263,332
"Salt Lake","TAY035",2018,281,,367
"Salt Lake","TAY036",2016,185,154,201
"Salt Lake","TAY036",2018,158,,213
"Salt Lake","TAY037",2016,270,217,253
"Salt Lake","TAY037",2018,279,,294
"Salt Lake","TAY038",2016,266,208,245
"Salt Lake","TAY038",2018,318,,313
"Salt Lake","TAY039",2016,221,188,250
"Salt Lake","TAY039",2018,225,,294
"Salt Lake","TAY040",2016,249,208,294
"Salt Lake","TAY040",2018,239,,320
"Salt Lake","TAY041",2016,216,165,217
"Salt Lake","TAY041",2018,240,,251
"Salt Lake","TAY042",2016,210,201,253
"Salt Lake","TAY042",2018,237,,305
"Salt Lake","TAY043",2016,227,207,224
"Salt Lake","TAY043",2018,291,,286
"Salt Lake","TAY044",2016,3,,3
"Salt Lake","TAY044",2018,3,3,3
"Salt Lake","TAY045",2016,159,146,189
"Salt Lake","TAY045",2018,156,,211
"Salt Lake","TAY046",2016,18,17,18
"Salt Lake","TAY047",2016,7,5,5
"Salt Lake","WBN001",2016,226,223,268
"Salt Lake","WBN001",2018,275,,370
"Salt Lake","WBN003",2016,,9,8
"Salt Lake","WBN003",2018,,,7
"Salt Lake","WBN005",2016,31,,39
"Salt Lake","WBN005",2018,33,39,42
"Salt Lake","WJD001",2016,234,,262
"Salt Lake","WJD001",2018,285,274,332
"Salt Lake","WJD002",2016,0,,0
"Salt Lake","WJD002",2018,0,0,0
"Salt Lake","WJD003",2016,273,,288
"Salt Lake","WJD003",2018,300,292,356
"Salt Lake","WJD004",2016,43,,51
"Salt Lake","WJD004",2018,48,46,53
"Salt Lake","WJD005",2016,164,155,184
"Salt Lake","WJD005",2018,217,,234
"Salt Lake","WJD006",2016,51,,66
"Salt Lake","WJD006",2018,54,56,69
"Salt Lake","WJD007",2016,206,,256
"Salt Lake","WJD007",2018,230,243,307
"Salt Lake","WJD008",2016,166,,192
"Salt Lake","WJD008",2018,153,162,210
"Salt Lake","WJD009",2016,291,,333
"Salt Lake","WJD009",2018,303,311,385
"Salt Lake","WJD011",2016,189,176,206
"Salt Lake","WJD011",2018,188,,232
"Salt Lake","WJD012",2016,232,224,291
"Salt Lake","WJD012",2018,321,,379
"Salt Lake","WJD013",2016,304,292,363
"Salt Lake","WJD013",2018,340,,381
"Salt Lake","WJD014",2016,0,0,0
"Salt Lake","WJD014",2018,0,,0
"Salt Lake","WJD015",2016,271,273,301
"Salt Lake","WJD015",2018,326,,390
"Salt Lake","WJD017",2016,,274,317
"Salt Lake","WJD017",2018,,,574
"Salt Lake","WJD018",2016,,,183
"Salt Lake","WJD018",2018,,159,211
"Salt Lake","WJD019",2016,57,66,72
"Salt Lake","WJD019",2018,58,,74
"Salt Lake","WJD020",2016,,,261
"Salt Lake","WJD020",2018,,243,288
"Salt Lake","WJD021",2016,192,,257
"Salt Lake","WJD021",2018,240,262,319
"Salt Lake","WJD022",2016,312,,347
"Salt Lake","WJD022",2018,352,333,427
"Salt Lake","WJD023",2016,199,203,245
"Salt Lake","WJD023",2018,234,,266
"Salt Lake","WJD024",2016,206,192,230
"Salt Lake","WJD024",2018,253,,302
"Salt Lake","WJD025",2016,215,199,267
"Salt Lake","WJD025",2018,239,,293
"Salt Lake","WJD027",2016,190,192,246
"Salt Lake","WJD027",2018,207,,251
"Salt Lake","WJD028",2016,204,200,248
"Salt Lake","WJD028",2018,239,,274
"Salt Lake","WJD030",2016,200,192,258
"Salt Lake","WJD030",2018,274,,309
"Salt Lake","WJD031",2016,371,361,414
"Salt Lake","WJD031",2018,385,,476
"Salt Lake","WJD032",2016,302,296,380
"Salt Lake","WJD032",2018,369,,425
"Salt Lake","WJD033",2016,338,309,355
"Salt Lake","WJD033",2018,348,,400
"Salt Lake","WJD034",2016,,238,256
"Salt Lake","WJD034",2018,,,360
"Salt Lake","WJD035",2016,,236,277
"Salt Lake","WJD035",2018,,,320
"Salt Lake","WJD036",2016,,164,207
"Salt Lake","WJD036",2018,,,286
"Salt Lake","WJD037",2016,,195,226
"Salt Lake","WJD037",2018,,,370
"Salt Lake","WJD038",2016,,136,153
"Salt Lake","WJD038",2018,,,182
"Salt Lake","WJD039",2016,,306,378
"Salt Lake","WJD039",2018,,,422
"Salt Lake","WJD040",2016,,178,227
"Salt Lake","WJD040",2018,,,269
"Salt Lake","WJD042",2016,,191,225
"Salt Lake","WJD042",2018,,,242
"Salt Lake","WJD043",2016,77,76,87
"Salt Lake","WJD043",2018,93,,105
"Salt Lake","WJD044",2016,,182,214
"Salt Lake","WJD044",2018,,,267
"Salt Lake","WJD045",2016,,185,195
"Salt Lake","WJD045",2018,,,284
"Salt Lake","WJD046",2016,161,144,168
"Salt Lake","WJD046",2018,201,,217
"Salt Lake","WJD047",2016,265,210,269
"Salt Lake","WJD047",2018,293,,345
"Salt Lake","WJD048",2016,218,176,217
"Salt Lake","WJD048",2018,242,,253
"Salt Lake","WJD049",2016,,264,321
"Salt Lake","WJD049",2018,,,364
"Salt Lake","WJD050",2016,,163,186
"Salt Lake","WJD050",2018,,,247
"Salt Lake","WJD051",2016,76,56,75
"Salt Lake","WJD051",2018,73,,74
"Salt Lake","WJD052",2016,231,169,259
"Salt Lake","WJD052",2018,236,,270
"Salt Lake","WJD053",2016,224,199,223
"Salt Lake","WJD053",2018,241,,260
"Salt Lake","WJD054",2016,268,245,284
"Salt Lake","WJD054",2018,315,,345
"Salt Lake","WJD055",2016,244,196,260
"Salt Lake","WJD055",2018,260,,310
"Salt Lake","WJD056",2016,126,99,104
"Salt Lake","WJD056",2018,132,,134
"Salt Lake","WJD057",2016,353,318,352
"Salt Lake","WJD057",2018,391,,416
"Salt Lake","WJD059",2016,194,155,219
"Salt Lake","WJD059",2018,245,,249
"Salt Lake","WJD060",2016,149,123,154
"Salt Lake","WJD060",2018,174,,193
"Salt Lake","WJD061",2016,15,14,15
"Salt Lake","WJD061",2018,6,,13
"Salt Lake","WJD063",2016,338,273,316
"Salt Lake","WJD063",2018,345,,373
"Salt Lake","WJD064",2016,311,271,312
"Salt Lake","WJD064",2018,342,,374
"Salt Lake","WJD065",2016,248,193,232
"Salt Lake","WJD065",2018,280,,288
"Salt Lake","WJD066",2016,271,230,293
"Salt Lake","WJD066",2018,304,,311
"Salt Lake","WJD067",2016,6,6,6
"Salt Lake","WJD067",2018,6,,5
"Salt Lake","WJD068",2016,398,330,415
"Salt Lake","WJD068",2018,215,,231
"Salt Lake","WJD069",2016,227,163,196
"Salt Lake","WJD069",2018,452,,463
"Salt Lake","WJD070",2016,92,80,98
"Salt Lake","WJD070",2018,120,,127
"Salt Lake","WJD071",2016,,123,135
"Salt Lake","WJD071",2018,,,170
"Salt Lake","WJD073",2016,50,53,62
"Salt Lake","WJD074",2016,149,138,143
"Salt Lake","WJD074",2018,169,,177
"Salt Lake","WJD075",2016,139,106,132
"Salt Lake","WJD075",2018,129,,141
"Salt Lake","WJD080",2016,,162,204
"Salt Lake","WJD080",2018,,,341
"Salt Lake","WVC005",2016,65,,85
"Salt Lake","WVC005",2018,66,105,107
"Salt Lake","WVC028",2016,338,334,336
"Salt Lake","WVC028",2018,332,,332
"Salt Lake","WVC029",2016,164,146,157
"Salt Lake","WVC029",2018,170,,170
"Salt Lake","WVC030",2016,196,213,196
"Salt Lake","WVC030",2018,158,,226
"Salt Lake","WVC031",2016,138,100,109
"Salt Lake","WVC031",2018,98,,108
"Salt Lake","WVC032",2016,222,,231
"Salt Lake","WVC032",2018,227,306,290
"Salt Lake","WVC033",2016,187,,231
"Salt Lake","WVC033",2018,156,286,240
"Salt Lake","WVC034",2016,281,,284
"Salt Lake","WVC034",2018,224,330,317
"Salt Lake","WVC035",2016,235,217,232
"Salt Lake","WVC035",2018,257,,250
"Salt Lake","WVC037",2016,300,345,335
"Salt Lake","WVC037",2018,272,,362
"Salt Lake","WVC038",2016,130,138,130
"Salt Lake","WVC038",2018,119,,152
"Salt Lake","WVC039",2016,319,,365
"Salt Lake","WVC039",2018,305,471,432
"Salt Lake","WVC040",2016,56,,58
"Salt Lake","WVC040",2018,46,69,60
"Salt Lake","WVC041",2016,114,124,115
"Salt Lake","WVC041",2018,121,,138
"Salt Lake","WVC042",2016,328,,268
"Salt Lake","WVC042",2018,265,285,303
"Salt Lake","WVC043",2016,84,,87
"Salt Lake","WVC043",2018,112,111,133
"Salt Lake","WVC044",2016,232,,268
"Salt Lake","WVC044",2018,235,280,321
"Salt Lake","WVC045",2016,348,,367
"Salt Lake","WVC045",2018,319,355,389
"Salt Lake","WVC046",2016,395,,418
"Salt Lake","WVC046",2018,346,388,435
"Salt Lake","WVC047",2016,189,,199
"Salt Lake","WVC047",2018,211,203,215
"Salt Lake","WVC049",2016,224,,244
"Salt Lake","WVC049",2018,226,259,297
"Salt Lake","WVC056",2016,80,,94
"Salt Lake","WVC056",2018,87,92,110
"Salt Lake","WVC057",2016,270,,286
"Salt Lake","WVC057",2018,242,369,334
"Salt Lake","WVC058",2016,234,,299
"Salt Lake","WVC058",2018,224,398,314
"Salt Lake","WVC059",2016,238,,260
"Salt Lake","WVC059",2018,228,358,299
"Salt Lake","WVC060",2016,262,,299
"Salt Lake","WVC060",2018,238,331,315
"Salt Lake","WVC061",2016,185,,242
"Salt Lake","WVC061",2018,163,366,280
"Salt Lake","WVC062",2016,180,,216
"Salt Lake","WVC062",2018,192,292,261
"Salt Lake","WVC063",2016,306,,377
"Salt Lake","WVC063",2018,293,450,391
"Salt Lake","WVC065",2016,147,,165
"Salt Lake","WVC065",2018,142,213,212
"Salt Lake","WVC066",2016,220,,230
"Salt Lake","WVC066",2018,194,268,267
"Salt Lake","WVC067",2016,188,,215
"Salt Lake","WVC067",2018,165,282,235
"Salt Lake","WVC068",2016,143,,189
"Salt Lake","WVC068",2018,157,260,227
"Salt Lake","WVC070",2016,155,,232
"Salt Lake","WVC070",2018,145,300,247
"Salt Lake","WVC071",2016,345,,380
"Salt Lake","WVC071",2018,385,458,396
"Salt Lake","WVC072",2016,,,405
"Salt Lake","WVC072",2018,427,483,448
"Salt Lake","WVC073",2016,20,20,17
"Salt Lake","WVC073",2018,13,,13
"Salt Lake","WVC076",2016,39,42,46
"Salt Lake","WVC076",2018,48,,50
"Salt Lake","WVC077",2016,206,200,209
"Salt Lake","WVC077",2018,182,,251
"Salt Lake","WVC079",2016,205,,214
"Salt Lake","WVC079",2018,168,241,251
"Salt Lake","WVC080",2016,6,,9
"Utah","AF13",2016,,,358
"Utah","AF13",2018,,,142
"Utah","AF13:UN",2018,,,6
"Utah","AF14",2016,7,,28
"Utah","AF14",2018,,,6
"Utah","AF14:UN",2018,,,4
"Utah","CF01",2016,,,41
"Utah","CF01",2018,,,36
"Utah","EM01",2016,,,178
"Utah","EM01",2018,179,,202
"Utah","EM02",2016,,,243
"Utah","EM02",2018,223,,286
"Utah","EM03",2016,,,257
"Utah","EM03",2018,208,,301
"Utah","EM04",2016,,,235
"Utah","EM04",2018,230,,292
"Utah","EM05",2016,,,247
"Utah","EM05",2018,214,,284
"Utah","EM06",2016,,,255
"Utah","EM06",2018,243,,306
"Utah","EM07",2016,,,103
"Utah","EM07",2018,104,,136
"Utah","EM08",2016,,,195
"Utah","EM08",2018,222,,310
"Utah","EM09",2016,,,19
"Utah","EM09",2018,,,12
"Utah","FF01",2016,,,23
"Utah","FF01",2018,,,24
"Utah","GE01",2016,,,89
"Utah","GE01",2018,,,77
"Utah","GO01",2016,,,35
"Utah","GO01",2018,,,34
"Utah","GO02",2016,24,,39
"Utah","GO02",2018,20,,38
"Utah","LE01",2016,179,,282
"Utah","LE01",2018,,,260
"Utah","LE01:UN",2016,3,,6
"Utah","LE01:UN",2018,,,10
"Utah","LE02",2016,125,,194
"Utah","LE02",2018,,,202
"Utah","LE04",2016,127,,175
"Utah","LE04",2018,,,223
"Utah","LE04:UN",2016,2,,2
"Utah","LE04:UN",2018,,,2
"Utah","LE05",2016,138,,204
"Utah","LE05",2018,,,215
"Utah","LE05:UN",2016,0,,1
"Utah","LE05:UN",2018,,,6
"Utah","LE08",2016,146,,213
"Utah","LE08",2018,,,250
"Utah","LE08:UN",2016,0,,3
"Utah","LE08:UN",2018,,,1
"Utah","LE11",2016,145,,240
"Utah","LE11",2018,,,266
"Utah","LE11:UN",2016,1,,1
"Utah","LE11:UN",2018,,,1
"Utah","LE13",2016,,,7
"Utah","LE13",2018,45,,62
"Utah","LE13:UN",2016,,,0
"Utah","LE13:UN",2018,0,,0
"Utah","LE14",2016,254,,282
"Utah","LE14",2018,,,274
"Utah","LE19",2016,141,,212
"Utah","LE19",2018,,,272
"Utah","LE19:UN",2016,2,,4
"Utah","LE19:UN",2018,,,16
"Utah","LE22",2016,233,,308
"Utah","LE22",2018,,,153
"Utah","LE22:UN",2016,0,,0
"Utah","LE22:UN",2018,,,0
"Utah","LE23",2016,247,,303
"Utah","LE23",2018,,,227
"Utah","LE23:UN",2016,6,,6
"Utah","LE23:UN",2018,,,5
"Utah","LE24",2018,,,270
"Utah","LE26",2018,,,210
"Utah","LE26:UN",2018,,,5
"Utah","PA06",2016,,49,58
"Utah","PA06",2018,,,61
"Utah","PA06:UN",2016,,48,73
"Utah","PA06:UN",2018,,,74
"Utah","SF07",2016,,36,63
"Utah","SF07",2018,12,,13
"Utah","SF07:UN",2018,29,,48
"Utah","SF07S",2016,,3,3
"Utah","SF07S",2018,3,,3
"Utah","SP17",2016,,51,55
"Utah","SP17",2018,60,,67
"Utah","SQ01",2016,,124,165
"Utah","SQ01",2018,,,182
"Utah","SQ01:UN",2018,,,19
"Utah","SQ02",2016,,,239
"Utah","SQ02",2018,,,292
"Utah","SQ02:UN",2018,,,2
"Utah","SR01",2016,,,144
"Utah","SR01",2018,130,,199
"Utah","SR02",2016,114,,133
"Utah","SR02",2018,,,232
"Utah","SR02:UN",2018,,,3
"Utah","SR03",2016,,,322
"Utah","SR03",2018,126,,176
"Utah","SR03:UN",2018,10,,8
"Utah","SR04",2016,122,,153
"Utah","SR04",2018,,,193
"Utah","SR05",2016,,,184
"Utah","SR05",2018,141,,205
"Utah","SR06",2016,,,202
"Utah","SR06",2018,175,,293
"Utah","SR07",2016,,,185
"Utah","SR07",2018,162,,213
"Utah","SR08",2016,,,318
"Utah","SR08",2018,138,,166
"Utah","SR08:UN",2018,0,,0
"Utah","SR09",2018,137,,203
"Utah","SR10",2018,194,,261
"Utah","UCCF1",2016,,,0
"Utah","UCCF1",2018,0,,0
"Utah","UCCF2",2016,,,0
"Utah","UCCF2",2018,,,0
"Utah","UCEL1",2016,,,15
"Utah","UCEL1",2018,,,20
"Utah","UCEL2",2016,4,,7
"Utah","UCEL2",2018,2,,11
"Utah","UCFF",2016,,,0
"Utah","UCFF",2018,,,1
"Utah","UCLS1",2016,,75,121
"Utah","UCLS1",2018,69,,104
"Utah","UCLS2",2016,,28,62
"Utah","UCLS2",2018,,,41
"Utah","UCUL1",2016,,0,0
"Utah","UCUL1",2018,,,0
"Utah","UCUL2",2016,,1,1
"Utah","UCUL2",2018,,,0
